{
  "bs_25_g_0.5_uf_1_wb_0": {
    "batch_size": 25,
    "gamma": 0.5,
    "design_update_freq": 1,
    "warmup_batches": 0,
    "mse": 0.004607050209558502,
    "bias": -0.026340796264156197,
    "variance": 0.003913212661728692,
    "coverage_rate": 0.65,
    "avg_ci_length": 0.15320359516633691,
    "execution_time": 38.32980394363403,
    "true_value": 2.7246664262531555
  },
  "bs_25_g_0.5_uf_1_wb_2": {
    "batch_size": 25,
    "gamma": 0.5,
    "design_update_freq": 1,
    "warmup_batches": 2,
    "mse": 0.004002591197420897,
    "bias": 0.0009007419835054264,
    "variance": 0.004001779861300049,
    "coverage_rate": 0.7,
    "avg_ci_length": 0.16159495099268922,
    "execution_time": 26.41385293006897,
    "true_value": 2.7246664262531555
  },
  "bs_25_g_0.5_uf_1_wb_5": {
    "batch_size": 25,
    "gamma": 0.5,
    "design_update_freq": 1,
    "warmup_batches": 5,
    "mse": 0.002642020555686206,
    "bias": -0.000853439013528412,
    "variance": 0.0026412921975363943,
    "coverage_rate": 0.9,
    "avg_ci_length": 0.147771640293273,
    "execution_time": 23.742417335510254,
    "true_value": 2.7246664262531555
  },
  "bs_25_g_0.5_uf_2_wb_0": {
    "batch_size": 25,
    "gamma": 0.5,
    "design_update_freq": 2,
    "warmup_batches": 0,
    "mse": 0.003361320106613999,
    "bias": 0.0020207168765780104,
    "variance": 0.003357236809918713,
    "coverage_rate": 0.8,
    "avg_ci_length": 0.1532758598493928,
    "execution_time": 32.19702982902527,
    "true_value": 2.7246664262531555
  },
  "bs_25_g_0.5_uf_2_wb_2": {
    "batch_size": 25,
    "gamma": 0.5,
    "design_update_freq": 2,
    "warmup_batches": 2,
    "mse": 0.0039308718638396715,
    "bias": -0.0067355703069376105,
    "variance": 0.003885503956479975,
    "coverage_rate": 0.8,
    "avg_ci_length": 0.17198034269118354,
    "execution_time": 22.298664808273315,
    "true_value": 2.7246664262531555
  },
  "bs_25_g_0.5_uf_2_wb_5": {
    "batch_size": 25,
    "gamma": 0.5,
    "design_update_freq": 2,
    "warmup_batches": 5,
    "mse": 0.0031776964376644943,
    "bias": -0.002461833926648893,
    "variance": 0.0031716358113820947,
    "coverage_rate": 0.85,
    "avg_ci_length": 0.14291517324518774,
    "execution_time": 20.89072895050049,
    "true_value": 2.7246664262531555
  },
  "bs_25_g_0.5_uf_3_wb_0": {
    "batch_size": 25,
    "gamma": 0.5,
    "design_update_freq": 3,
    "warmup_batches": 0,
    "mse": 0.00438753448860337,
    "bias": 0.010145304896295393,
    "variance": 0.004284607277164571,
    "coverage_rate": 0.85,
    "avg_ci_length": 0.19991226050280564,
    "execution_time": 24.086745023727417,
    "true_value": 2.7246664262531555
  },
  "bs_25_g_0.5_uf_3_wb_2": {
    "batch_size": 25,
    "gamma": 0.5,
    "design_update_freq": 3,
    "warmup_batches": 2,
    "mse": 0.00438753448860337,
    "bias": 0.010145304896295393,
    "variance": 0.004284607277164571,
    "coverage_rate": 0.85,
    "avg_ci_length": 0.19991226050280564,
    "execution_time": 23.311520099639893,
    "true_value": 2.7246664262531555
  },
  "bs_25_g_0.5_uf_3_wb_5": {
    "batch_size": 25,
    "gamma": 0.5,
    "design_update_freq": 3,
    "warmup_batches": 5,
    "mse": 0.002380435532964285,
    "bias": -0.011865800480887145,
    "variance": 0.002239638311912058,
    "coverage_rate": 0.9,
    "avg_ci_length": 0.14729627135204523,
    "execution_time": 22.84773015975952,
    "true_value": 2.7246664262531555
  },
  "bs_50_g_0.5_uf_1_wb_0": {
    "batch_size": 50,
    "gamma": 0.5,
    "design_update_freq": 1,
    "warmup_batches": 0,
    "mse": 0.0056361035178269705,
    "bias": 0.022201188587000154,
    "variance": 0.005143210743151428,
    "coverage_rate": 0.85,
    "avg_ci_length": 0.18064164877239103,
    "execution_time": 15.177388191223145,
    "true_value": 2.7246664262531555
  },
  "bs_50_g_0.5_uf_1_wb_2": {
    "batch_size": 50,
    "gamma": 0.5,
    "design_update_freq": 1,
    "warmup_batches": 2,
    "mse": 0.0021290190718653906,
    "bias": 0.009580386004065744,
    "variance": 0.0020372352758784972,
    "coverage_rate": 0.95,
    "avg_ci_length": 0.15327278716857767,
    "execution_time": 12.253522872924805,
    "true_value": 2.7246664262531555
  },
  "bs_50_g_0.5_uf_1_wb_5": {
    "batch_size": 50,
    "gamma": 0.5,
    "design_update_freq": 1,
    "warmup_batches": 5,
    "mse": 0.004646841229794219,
    "bias": 0.013795136620707638,
    "variance": 0.004456535435410216,
    "coverage_rate": 0.65,
    "avg_ci_length": 0.14271893127384402,
    "execution_time": 13.475764989852905,
    "true_value": 2.7246664262531555
  },
  "bs_50_g_0.5_uf_2_wb_0": {
    "batch_size": 50,
    "gamma": 0.5,
    "design_update_freq": 2,
    "warmup_batches": 0,
    "mse": 0.0049485353098151445,
    "bias": 0.026922784613206296,
    "variance": 0.0042236989784860315,
    "coverage_rate": 0.85,
    "avg_ci_length": 0.1810500153556422,
    "execution_time": 14.32880687713623,
    "true_value": 2.7246664262531555
  },
  "bs_50_g_0.5_uf_2_wb_2": {
    "batch_size": 50,
    "gamma": 0.5,
    "design_update_freq": 2,
    "warmup_batches": 2,
    "mse": 0.0022127693425247155,
    "bias": 0.01402235251252204,
    "variance": 0.002016142972539285,
    "coverage_rate": 0.8,
    "avg_ci_length": 0.13884715811813106,
    "execution_time": 11.69432806968689,
    "true_value": 2.7246664262531555
  },
  "bs_50_g_0.5_uf_2_wb_5": {
    "batch_size": 50,
    "gamma": 0.5,
    "design_update_freq": 2,
    "warmup_batches": 5,
    "mse": 0.0033884554992542185,
    "bias": 0.00942220311381936,
    "variance": 0.0032996775877361536,
    "coverage_rate": 0.8,
    "avg_ci_length": 0.14203964357264667,
    "execution_time": 10.086664915084839,
    "true_value": 2.7246664262531555
  },
  "bs_50_g_0.5_uf_3_wb_0": {
    "batch_size": 50,
    "gamma": 0.5,
    "design_update_freq": 3,
    "warmup_batches": 0,
    "mse": 0.002784129728034244,
    "bias": 0.007343370889216327,
    "variance": 0.0027302046320176543,
    "coverage_rate": 0.8,
    "avg_ci_length": 0.1490159913352802,
    "execution_time": 13.123080253601074,
    "true_value": 2.7246664262531555
  },
  "bs_50_g_0.5_uf_3_wb_2": {
    "batch_size": 50,
    "gamma": 0.5,
    "design_update_freq": 3,
    "warmup_batches": 2,
    "mse": 0.002784129728034244,
    "bias": 0.007343370889216327,
    "variance": 0.0027302046320176543,
    "coverage_rate": 0.8,
    "avg_ci_length": 0.1490159913352802,
    "execution_time": 11.972691774368286,
    "true_value": 2.7246664262531555
  },
  "bs_50_g_0.5_uf_3_wb_5": {
    "batch_size": 50,
    "gamma": 0.5,
    "design_update_freq": 3,
    "warmup_batches": 5,
    "mse": 0.003707057104683654,
    "bias": 0.013425192859353174,
    "variance": 0.00352682130137282,
    "coverage_rate": 0.85,
    "avg_ci_length": 0.14290788027783297,
    "execution_time": 11.949166059494019,
    "true_value": 2.7246664262531555
  },
  "bs_100_g_0.5_uf_1_wb_0": {
    "batch_size": 100,
    "gamma": 0.5,
    "design_update_freq": 1,
    "warmup_batches": 0,
    "mse": 0.0023110273869276633,
    "bias": -0.013750583157090546,
    "variance": 0.0021219488497676003,
    "coverage_rate": 0.95,
    "avg_ci_length": 0.15052393243435103,
    "execution_time": 10.358725786209106,
    "true_value": 2.7246664262531555
  },
  "bs_100_g_0.5_uf_1_wb_2": {
    "batch_size": 100,
    "gamma": 0.5,
    "design_update_freq": 1,
    "warmup_batches": 2,
    "mse": 0.004862365440092212,
    "bias": 0.000150481959646509,
    "variance": 0.004862342795272033,
    "coverage_rate": 0.8,
    "avg_ci_length": 0.1576343203113197,
    "execution_time": 8.023920059204102,
    "true_value": 2.7246664262531555
  },
  "bs_100_g_0.5_uf_1_wb_5": {
    "batch_size": 100,
    "gamma": 0.5,
    "design_update_freq": 1,
    "warmup_batches": 5,
    "mse": 0.002543782024987364,
    "bias": -0.014210826538056498,
    "variance": 0.002341834434092635,
    "coverage_rate": 0.65,
    "avg_ci_length": 0.10931441524989208,
    "execution_time": 5.758256912231445,