{
  "ECON1MOD": {
    "finetuned": {
      "total_samples": 5626,
      "valid_predictions": 5611,
      "coverage": 0.9973338073231426,
      "accuracy": 0.44715736945286044,
      "f1_macro": 0.2554432906894623,
      "f1_weighted": 0.38408059414604045
    },
    "baseline": {
      "total_samples": 5626,
      "valid_predictions": 5611,
      "coverage": 0.9973338073231426,
      "accuracy": 0.40687934414542865,
      "f1_macro": 0.2886083737738411,
      "f1_weighted": 0.38906829600532095
    },
    "improvement": {
      "accuracy": 0.0402780253074318,
      "f1_macro": -0.033165083084378766,
      "coverage": 0.0
    }
  },
  "UNITY": {
    "finetuned": {
      "total_samples": 5626,
      "valid_predictions": 5588,
      "coverage": 0.9932456452186278,
      "accuracy": 0.8094130279169649,
      "f1_macro": 0.44733458609435267,
      "f1_weighted": 0.7241568836452245
    },
    "baseline": {
      "total_samples": 5626,
      "valid_predictions": 5589,
      "coverage": 0.9934233913970849,
      "accuracy": 0.809447128287708,
      "f1_macro": 0.4473450014832394,
      "f1_weighted": 0.7242042536089373
    },
    "improvement": {
      "accuracy": -3.410037074313976e-05,
      "f1_macro": -1.0415388886741983e-05,
      "coverage": -0.0001777461784571166
    }
  },
  "GPT1": {
    "finetuned": {
      "total_samples": 5626,
      "valid_predictions": 5613,
      "coverage": 0.9976892996800569,
      "accuracy": 0.49795118474968825,
      "f1_macro": 0.49506345950572644,
      "f1_weighted": 0.4902696114157208
    },
    "baseline": {
      "total_samples": 5626,
      "valid_predictions": 5613,
      "coverage": 0.9976892996800569,
      "accuracy": 0.4564404061998931,
      "f1_macro": 0.41915646341141694,
      "f1_weighted": 0.41846899802182214
    },
    "improvement": {
      "accuracy": 0.041510778549795124,
      "f1_macro": 0.07590699609430951,
      "coverage": 0.0
    }
  },
  "MOREGUNIMPACT": {
    "finetuned": {
      "total_samples": 5626,
      "valid_predictions": 5599,
      "coverage": 0.9952008531816566,
      "accuracy": 0.4895517056617253,
      "f1_macro": 0.3656018725141257,
      "f1_weighted": 0.3938129658919142
    },
    "baseline": {
      "total_samples": 5626,
      "valid_predictions": 5599,
      "coverage": 0.9952008531816566,
      "accuracy": 0.4386497588855153,
      "f1_macro": 0.3217214031497859,
      "f1_weighted": 0.3741351320253819
    },
    "improvement": {
      "accuracy": 0.050901946776210016,
      "f1_macro": 0.04388046936433976,
      "coverage": 0.0
    }
  },
  "GAMBLERESTR": {
    "finetuned": {
      "total_samples": 5626,
      "valid_predictions": 5527,
      "coverage": 0.9824031283327408,
      "accuracy": 0.6012303238646644,
      "f1_macro": 0.2503201506591337,
      "f1_weighted": 0.4515001957519276
    },
    "baseline": {
      "total_samples": 5626,
      "valid_predictions": 5528,
      "coverage": 0.982580874511198,
      "accuracy": 0.5965991316931982,
      "f1_macro": 0.27380366706791576,
      "f1_weighted": 0.46783710226747266
    },
    "improvement": {
      "accuracy": 0.004631192171466125,
      "f1_macro": -0.023483516408782046,
      "coverage": -0.00017774617845722762
    }
  }
}