{
  "Run 2 (Problematic)": {
    "run_name": "Run 2 (Problematic)",
    "total_steps": 683,
    "final_train_loss": 0.3144491612911224,
    "final_train_acc": 0.8095238208770752,
    "final_valid_loss": 0.2980335553487142,
    "final_valid_acc": 0.84375,
    "final_full_valid_loss": 0.2981543697194478,
    "final_full_valid_acc": 0.8565501250838977,
    "validation_frequency": 69,
    "full_validation_frequency": 1,
    "train_oscillations": 654,
    "best_train_loss": 0.2073132246732711,
    "worst_train_loss": 0.6399766206741333,
    "final_vs_best_pct": 51.678293455084315,
    "loss_improvement_pct": 22.9465004588012,
    "initial_train_loss": 0.4080919921398163
  },
  "Run 3 (Fixed)": {
    "run_name": "Run 3 (Fixed)",
    "total_steps": 291,
    "final_train_loss": 0.2857869863510132,
    "final_train_acc": 0.8444444537162781,
    "final_valid_loss": 0.2884726126988728,
    "final_valid_acc": 0.8645833333333334,
    "final_full_valid_loss": 0.2953483522174778,
    "final_full_valid_acc": 0.8565761367104059,
    "validation_frequency": 30,
    "full_validation_frequency": 1,
    "train_oscillations": 269,
    "best_train_loss": 0.2335055619478225,
    "worst_train_loss": 0.3738605082035064,
    "final_vs_best_pct": 22.38979832731913,
    "loss_improvement_pct": -16.110775410803075,
    "initial_train_loss": 0.2461330443620681
  },
  "Run 4 (Optimized)": {
    "run_name": "Run 4 (Optimized)",
    "total_steps": 560,
    "final_train_loss": 0.3170256316661834,
    "final_train_acc": 0.8333333134651184,
    "final_valid_loss": 0.2714795966943105,
    "final_valid_acc": 0.875,
    "final_full_valid_loss": 0.2956835517783076,
    "final_full_valid_acc": 0.8587168404102042,
    "validation_frequency": 56,
    "full_validation_frequency": 2,
    "train_oscillations": 517,
    "best_train_loss": 0.2157477140426635,
    "worst_train_loss": 0.3654516637325287,
    "final_vs_best_pct": 46.942753517885485,
    "loss_improvement_pct": -4.08391004899107,
    "initial_train_loss": 0.3045865893363952
  }
}